Sequence,Date,Count_of_New_Customer,Count_of_Returning_Customer,Count_of_Lost_Customer,Country,Ability_New,Ability_Returning,Ability_Lost,,
1,2010/12/1,1,0,0,Germany,0.010638298,0,0,UK,3921
2,2010/12/2,1,0,0,Germany,0.010638298,0,0,DE,94
3,2010/12/3,3,0,0,Germany,0.031914894,0,0,FR,87
4,2010/12/4,0,0,0,Germany,0,0,0,,
5,2010/12/5,3,0,0,Germany,0.031914894,0,0,,
6,2010/12/6,1,0,0,Germany,0.010638298,0,0,,
7,2010/12/7,0,1,0,Germany,0,0.010638298,0,,
8,2010/12/8,1,0,0,Germany,0.010638298,0,0,,
9,2010/12/9,2,1,0,Germany,0.021276596,0.010638298,0,,
10,2010/12/10,1,0,0,Germany,0.010638298,0,0,,
11,2010/12/11,0,0,0,Germany,0,0,0,,
12,2010/12/12,0,0,0,Germany,0,0,0,,
13,2010/12/13,1,0,0,Germany,0.010638298,0,0,,
14,2010/12/14,0,0,0,Germany,0,0,0,,
15,2010/12/15,0,0,0,Germany,0,0,0,,
16,2010/12/16,0,0,0,Germany,0,0,0,,
17,2010/12/17,1,6,0,Germany,0.010638298,0.063829787,0,,
18,2010/12/18,0,0,0,Germany,0,0,0,,
19,2010/12/19,1,0,0,Germany,0.010638298,0,0,,
20,2010/12/20,0,1,0,Germany,0,0.010638298,0,,
21,2010/12/21,0,0,0,Germany,0,0,0,,
22,2010/12/22,0,0,0,Germany,0,0,0,,
23,2010/12/23,2,0,0,Germany,0.021276596,0,0,,
24,2010/12/24,0,0,0,Germany,0,0,0,,
25,2010/12/25,0,0,0,Germany,0,0,0,,
26,2010/12/26,0,0,0,Germany,0,0,0,,
27,2010/12/27,0,0,0,Germany,0,0,0,,
28,2010/12/28,0,0,0,Germany,0,0,0,,
29,2010/12/29,0,0,0,Germany,0,0,0,,
30,2010/12/30,0,0,0,Germany,0,0,0,,
31,2010/12/31,0,0,0,Germany,0,0,0,,
32,2011/1/1,0,0,0,Germany,0,0,0,,
33,2011/1/2,0,0,1,Germany,0,0,0.010638298,,
34,2011/1/3,0,0,0,Germany,0,0,0,,
35,2011/1/4,0,0,0,Germany,0,0,0,,
36,2011/1/5,0,0,0,Germany,0,0,0,,
37,2011/1/6,0,0,0,Germany,0,0,0,,
38,2011/1/7,3,1,0,Germany,0.031914894,0.010638298,0,,
39,2011/1/8,0,0,0,Germany,0,0,0,,
40,2011/1/9,0,0,0,Germany,0,0,0,,
41,2011/1/10,2,0,0,Germany,0.021276596,0,0,,
42,2011/1/11,1,0,0,Germany,0.010638298,0,0,,
43,2011/1/12,0,1,0,Germany,0,0.010638298,0,,
44,2011/1/13,0,1,0,Germany,0,0.010638298,0,,
45,2011/1/14,1,1,0,Germany,0.010638298,0.010638298,0,,
46,2011/1/15,0,0,0,Germany,0,0,0,,
47,2011/1/16,0,0,0,Germany,0,0,0,,
48,2011/1/17,2,0,0,Germany,0.021276596,0,0,,
49,2011/1/18,1,0,0,Germany,0.010638298,0,0,,
50,2011/1/19,1,0,0,Germany,0.010638298,0,0,,
51,2011/1/20,0,0,0,Germany,0,0,0,,
52,2011/1/21,0,0,0,Germany,0,0,0,,
53,2011/1/22,0,0,0,Germany,0,0,0,,
54,2011/1/23,0,0,0,Germany,0,0,0,,
55,2011/1/24,3,0,0,Germany,0.031914894,0,0,,
56,2011/1/25,2,1,0,Germany,0.021276596,0.010638298,0,,
57,2011/1/26,0,2,0,Germany,0,0.021276596,0,,
58,2011/1/27,2,1,0,Germany,0.021276596,0.010638298,0,,
59,2011/1/28,0,0,0,Germany,0,0,0,,
60,2011/1/29,0,0,0,Germany,0,0,0,,
61,2011/1/30,0,0,0,Germany,0,0,0,,
62,2011/1/31,1,3,0,Germany,0.010638298,0.031914894,0,,
63,2011/2/1,0,1,0,Germany,0,0.010638298,0,,
64,2011/2/2,0,1,0,Germany,0,0.010638298,0,,
65,2011/2/3,0,3,0,Germany,0,0.031914894,0,,
66,2011/2/4,0,0,0,Germany,0,0,0,,
67,2011/2/5,0,0,0,Germany,0,0,0,,
68,2011/2/6,0,0,0,Germany,0,0,0,,
69,2011/2/7,0,0,1,Germany,0,0,0.010638298,,
70,2011/2/8,0,0,0,Germany,0,0,0,,
71,2011/2/9,0,1,0,Germany,0,0.010638298,0,,
72,2011/2/10,1,1,0,Germany,0.010638298,0.010638298,0,,
73,2011/2/11,1,0,0,Germany,0.010638298,0,0,,
74,2011/2/12,0,0,0,Germany,0,0,0,,
75,2011/2/13,0,0,0,Germany,0,0,0,,
76,2011/2/14,0,2,0,Germany,0,0.021276596,0,,
77,2011/2/15,0,0,0,Germany,0,0,0,,
78,2011/2/16,0,0,0,Germany,0,0,0,,
79,2011/2/17,1,1,0,Germany,0.010638298,0.010638298,0,,
80,2011/2/18,0,1,0,Germany,0,0.010638298,0,,
81,2011/2/19,0,0,1,Germany,0,0,0.010638298,,
82,2011/2/20,0,0,0,Germany,0,0,0,,
83,2011/2/21,0,2,0,Germany,0,0.021276596,0,,
84,2011/2/22,0,0,0,Germany,0,0,0,,
85,2011/2/23,0,1,0,Germany,0,0.010638298,0,,
86,2011/2/24,0,0,0,Germany,0,0,0,,
87,2011/2/25,1,1,0,Germany,0.010638298,0.010638298,0,,
88,2011/2/26,0,0,0,Germany,0,0,0,,
89,2011/2/27,0,0,0,Germany,0,0,0,,
90,2011/2/28,0,0,0,Germany,0,0,0,,
91,2011/3/1,0,1,0,Germany,0,0.010638298,0,,
92,2011/3/2,0,0,1,Germany,0,0,0.010638298,,
93,2011/3/3,0,2,0,Germany,0,0.021276596,0,,
94,2011/3/4,0,0,0,Germany,0,0,0,,
95,2011/3/5,0,0,0,Germany,0,0,0,,
96,2011/3/6,0,0,0,Germany,0,0,0,,
97,2011/3/7,1,2,0,Germany,0.010638298,0.021276596,0,,
98,2011/3/8,1,2,0,Germany,0.010638298,0.021276596,0,,
99,2011/3/9,0,0,0,Germany,0,0,0,,
100,2011/3/10,0,0,1,Germany,0,0,0.010638298,,
101,2011/3/11,1,0,0,Germany,0.010638298,0,0,,
102,2011/3/12,0,0,0,Germany,0,0,0,,
103,2011/3/13,0,0,0,Germany,0,0,0,,
104,2011/3/14,0,0,0,Germany,0,0,0,,
105,2011/3/15,0,0,0,Germany,0,0,0,,
106,2011/3/16,0,1,0,Germany,0,0.010638298,0,,
107,2011/3/17,0,2,0,Germany,0,0.021276596,0,,
108,2011/3/18,0,4,0,Germany,0,0.042553191,0,,
109,2011/3/19,0,0,0,Germany,0,0,0,,
110,2011/3/20,0,2,0,Germany,0,0.021276596,0,,
111,2011/3/21,0,0,0,Germany,0,0,0,,
112,2011/3/22,1,1,0,Germany,0.010638298,0.010638298,0,,
113,2011/3/23,0,0,0,Germany,0,0,0,,
114,2011/3/24,0,0,0,Germany,0,0,0,,
115,2011/3/25,0,3,0,Germany,0,0.031914894,0,,
116,2011/3/26,0,0,0,Germany,0,0,0,,
117,2011/3/27,0,0,0,Germany,0,0,0,,
118,2011/3/28,0,2,0,Germany,0,0.021276596,0,,
119,2011/3/29,0,0,0,Germany,0,0,0,,
120,2011/3/30,0,1,0,Germany,0,0.010638298,0,,
121,2011/3/31,1,1,0,Germany,0.010638298,0.010638298,0,,
122,2011/4/1,1,0,0,Germany,0.010638298,0,0,,
123,2011/4/2,0,0,0,Germany,0,0,0,,
124,2011/4/3,0,0,0,Germany,0,0,0,,
125,2011/4/4,0,1,0,Germany,0,0.010638298,0,,
126,2011/4/5,0,0,0,Germany,0,0,0,,
127,2011/4/6,0,0,0,Germany,0,0,0,,
128,2011/4/7,1,0,1,Germany,0.010638298,0,0.010638298,,
129,2011/4/8,0,2,1,Germany,0,0.021276596,0.010638298,,
130,2011/4/9,0,0,0,Germany,0,0,0,,
131,2011/4/10,0,0,0,Germany,0,0,0,,
132,2011/4/11,1,1,0,Germany,0.010638298,0.010638298,0,,
133,2011/4/12,0,0,0,Germany,0,0,0,,
134,2011/4/13,0,0,0,Germany,0,0,0,,
135,2011/4/14,1,4,0,Germany,0.010638298,0.042553191,0,,
136,2011/4/15,0,0,0,Germany,0,0,0,,
137,2011/4/16,0,0,0,Germany,0,0,0,,
138,2011/4/17,0,0,0,Germany,0,0,0,,
139,2011/4/18,0,1,0,Germany,0,0.010638298,0,,
140,2011/4/19,0,3,0,Germany,0,0.031914894,0,,
141,2011/4/20,0,1,0,Germany,0,0.010638298,0,,
142,2011/4/21,1,1,0,Germany,0.010638298,0.010638298,0,,
143,2011/4/22,0,0,0,Germany,0,0,0,,
144,2011/4/23,0,0,0,Germany,0,0,0,,
145,2011/4/24,0,0,0,Germany,0,0,0,,
146,2011/4/25,0,0,0,Germany,0,0,0,,
147,2011/4/26,0,0,0,Germany,0,0,0,,
148,2011/4/27,0,1,0,Germany,0,0.010638298,0,,
149,2011/4/28,0,1,0,Germany,0,0.010638298,0,,
150,2011/4/29,0,0,0,Germany,0,0,0,,
151,2011/4/30,0,0,0,Germany,0,0,0,,
152,2011/5/1,0,1,0,Germany,0,0.010638298,0,,
153,2011/5/2,0,0,0,Germany,0,0,0,,
154,2011/5/3,0,0,0,Germany,0,0,0,,
155,2011/5/4,0,3,0,Germany,0,0.031914894,0,,
156,2011/5/5,0,2,0,Germany,0,0.021276596,0,,
157,2011/5/6,0,1,0,Germany,0,0.010638298,0,,
158,2011/5/7,0,0,1,Germany,0,0,0.010638298,,
159,2011/5/8,0,0,0,Germany,0,0,0,,
160,2011/5/9,0,1,0,Germany,0,0.010638298,0,,
161,2011/5/10,1,1,0,Germany,0.010638298,0.010638298,0,,
162,2011/5/11,1,0,0,Germany,0.010638298,0,0,,
163,2011/5/12,1,3,0,Germany,0.010638298,0.031914894,0,,
164,2011/5/13,0,1,0,Germany,0,0.010638298,0,,
165,2011/5/14,0,0,0,Germany,0,0,0,,
166,2011/5/15,0,0,0,Germany,0,0,0,,
167,2011/5/16,0,0,0,Germany,0,0,0,,
168,2011/5/17,0,1,0,Germany,0,0.010638298,0,,
169,2011/5/18,0,0,0,Germany,0,0,0,,
170,2011/5/19,0,5,1,Germany,0,0.053191489,0.010638298,,
171,2011/5/20,0,0,0,Germany,0,0,0,,
172,2011/5/21,0,0,1,Germany,0,0,0.010638298,,
173,2011/5/22,1,1,0,Germany,0.010638298,0.010638298,0,,
174,2011/5/23,0,4,0,Germany,0,0.042553191,0,,
175,2011/5/24,0,1,0,Germany,0,0.010638298,0,,
176,2011/5/25,0,0,0,Germany,0,0,0,,
177,2011/5/26,0,3,0,Germany,0,0.031914894,0,,
178,2011/5/27,0,1,0,Germany,0,0.010638298,0,,
179,2011/5/28,0,0,0,Germany,0,0,0,,
180,2011/5/29,1,0,0,Germany,0.010638298,0,0,,
181,2011/5/30,0,0,0,Germany,0,0,0,,
182,2011/5/31,0,1,0,Germany,0,0.010638298,0,,
183,2011/6/1,1,0,0,Germany,0.010638298,0,0,,
184,2011/6/2,1,1,0,Germany,0.010638298,0.010638298,0,,
185,2011/6/3,0,1,0,Germany,0,0.010638298,0,,
186,2011/6/4,0,0,0,Germany,0,0,0,,
187,2011/6/5,0,2,0,Germany,0,0.021276596,0,,
188,2011/6/6,0,1,0,Germany,0,0.010638298,0,,
189,2011/6/7,0,0,0,Germany,0,0,0,,
190,2011/6/8,0,0,0,Germany,0,0,0,,
191,2011/6/9,0,2,0,Germany,0,0.021276596,0,,
192,2011/6/10,0,1,0,Germany,0,0.010638298,0,,
193,2011/6/11,0,0,0,Germany,0,0,0,,
194,2011/6/12,1,0,2,Germany,0.010638298,0,0.021276596,,
195,2011/6/13,0,3,0,Germany,0,0.031914894,0,,
196,2011/6/14,0,0,0,Germany,0,0,0,,
197,2011/6/15,0,0,0,Germany,0,0,0,,
198,2011/6/16,0,1,0,Germany,0,0.010638298,0,,
199,2011/6/17,0,0,0,Germany,0,0,0,,
200,2011/6/18,0,0,0,Germany,0,0,0,,
201,2011/6/19,0,0,0,Germany,0,0,0,,
202,2011/6/20,0,1,0,Germany,0,0.010638298,0,,
203,2011/6/21,0,1,0,Germany,0,0.010638298,0,,
204,2011/6/22,0,0,0,Germany,0,0,0,,
205,2011/6/23,0,1,0,Germany,0,0.010638298,0,,
206,2011/6/24,0,1,0,Germany,0,0.010638298,0,,
207,2011/6/25,0,0,0,Germany,0,0,0,,
208,2011/6/26,0,1,0,Germany,0,0.010638298,0,,
209,2011/6/27,0,0,0,Germany,0,0,0,,
210,2011/6/28,0,0,0,Germany,0,0,0,,
211,2011/6/29,0,0,1,Germany,0,0,0.010638298,,
212,2011/6/30,0,3,0,Germany,0,0.031914894,0,,
213,2011/7/1,0,1,0,Germany,0,0.010638298,0,,
214,2011/7/2,0,0,0,Germany,0,0,0,,
215,2011/7/3,0,0,1,Germany,0,0,0.010638298,,
216,2011/7/4,0,3,0,Germany,0,0.031914894,0,,
217,2011/7/5,0,0,1,Germany,0,0,0.010638298,,
218,2011/7/6,0,0,0,Germany,0,0,0,,
219,2011/7/7,0,2,0,Germany,0,0.021276596,0,,
220,2011/7/8,2,0,0,Germany,0.021276596,0,0,,
221,2011/7/9,0,0,1,Germany,0,0,0.010638298,,
222,2011/7/10,0,0,0,Germany,0,0,0,,
223,2011/7/11,0,0,0,Germany,0,0,0,,
224,2011/7/12,0,2,0,Germany,0,0.021276596,0,,
225,2011/7/13,0,1,0,Germany,0,0.010638298,0,,
226,2011/7/14,0,2,0,Germany,0,0.021276596,0,,
227,2011/7/15,0,2,0,Germany,0,0.021276596,0,,
228,2011/7/16,0,0,0,Germany,0,0,0,,
229,2011/7/17,0,1,0,Germany,0,0.010638298,0,,
230,2011/7/18,0,0,0,Germany,0,0,0,,
231,2011/7/19,1,3,0,Germany,0.010638298,0.031914894,0,,
232,2011/7/20,1,1,0,Germany,0.010638298,0.010638298,0,,
233,2011/7/21,0,2,0,Germany,0,0.021276596,0,,
234,2011/7/22,1,0,0,Germany,0.010638298,0,0,,
235,2011/7/23,0,0,0,Germany,0,0,0,,
236,2011/7/24,0,1,0,Germany,0,0.010638298,0,,
237,2011/7/25,1,1,0,Germany,0.010638298,0.010638298,0,,
238,2011/7/26,0,0,0,Germany,0,0,0,,
239,2011/7/27,0,1,0,Germany,0,0.010638298,0,,
240,2011/7/28,1,0,0,Germany,0.010638298,0,0,,
241,2011/7/29,0,0,0,Germany,0,0,0,,
242,2011/7/30,0,0,0,Germany,0,0,0,,
243,2011/7/31,0,0,0,Germany,0,0,0,,
244,2011/8/1,1,0,0,Germany,0.010638298,0,0,,
245,2011/8/2,1,2,0,Germany,0.010638298,0.021276596,0,,
246,2011/8/3,0,1,0,Germany,0,0.010638298,0,,
247,2011/8/4,0,2,0,Germany,0,0.021276596,0,,
248,2011/8/5,0,2,0,Germany,0,0.021276596,0,,
249,2011/8/6,0,0,0,Germany,0,0,0,,
250,2011/8/7,0,1,0,Germany,0,0.010638298,0,,
251,2011/8/8,0,1,1,Germany,0,0.010638298,0.010638298,,
252,2011/8/9,0,1,0,Germany,0,0.010638298,0,,
253,2011/8/10,0,0,0,Germany,0,0,0,,
254,2011/8/11,0,0,0,Germany,0,0,0,,
255,2011/8/12,0,0,0,Germany,0,0,0,,
256,2011/8/13,0,0,0,Germany,0,0,0,,
257,2011/8/14,0,0,0,Germany,0,0,0,,
258,2011/8/15,0,1,0,Germany,0,0.010638298,0,,
259,2011/8/16,0,1,0,Germany,0,0.010638298,0,,
260,2011/8/17,0,2,0,Germany,0,0.021276596,0,,
261,2011/8/18,0,0,0,Germany,0,0,0,,
262,2011/8/19,0,3,0,Germany,0,0.031914894,0,,
263,2011/8/20,0,0,1,Germany,0,0,0.010638298,,
264,2011/8/21,1,0,0,Germany,0.010638298,0,0,,
265,2011/8/22,0,3,0,Germany,0,0.031914894,0,,
266,2011/8/23,0,2,0,Germany,0,0.021276596,0,,
267,2011/8/24,1,4,0,Germany,0.010638298,0.042553191,0,,
268,2011/8/25,0,2,0,Germany,0,0.021276596,0,,
269,2011/8/26,2,0,0,Germany,0.021276596,0,0,,
270,2011/8/27,0,0,0,Germany,0,0,0,,
271,2011/8/28,0,0,0,Germany,0,0,0,,
272,2011/8/29,0,0,0,Germany,0,0,0,,
273,2011/8/30,0,1,0,Germany,0,0.010638298,0,,
274,2011/8/31,0,2,0,Germany,0,0.021276596,0,,
275,2011/9/1,0,0,1,Germany,0,0,0.010638298,,
276,2011/9/2,0,1,1,Germany,0,0.010638298,0.010638298,,
277,2011/9/3,0,0,0,Germany,0,0,0,,
278,2011/9/4,1,4,1,Germany,0.010638298,0.042553191,0.010638298,,
279,2011/9/5,0,0,0,Germany,0,0,0,,
280,2011/9/6,1,2,0,Germany,0.010638298,0.021276596,0,,
281,2011/9/7,0,0,0,Germany,0,0,0,,
282,2011/9/8,0,3,0,Germany,0,0.031914894,0,,
283,2011/9/9,0,0,0,Germany,0,0,0,,
284,2011/9/10,0,0,0,Germany,0,0,0,,
285,2011/9/11,0,3,0,Germany,0,0.031914894,0,,
286,2011/9/12,0,0,0,Germany,0,0,0,,
287,2011/9/13,0,1,0,Germany,0,0.010638298,0,,
288,2011/9/14,1,0,0,Germany,0.010638298,0,0,,
289,2011/9/15,0,0,0,Germany,0,0,0,,
290,2011/9/16,0,3,0,Germany,0,0.031914894,0,,
291,2011/9/17,0,0,0,Germany,0,0,0,,
292,2011/9/18,0,0,0,Germany,0,0,0,,
293,2011/9/19,1,2,0,Germany,0.010638298,0.021276596,0,,
294,2011/9/20,0,1,0,Germany,0,0.010638298,0,,
295,2011/9/21,0,2,0,Germany,0,0.021276596,0,,
296,2011/9/22,0,3,0,Germany,0,0.031914894,0,,
297,2011/9/23,0,4,0,Germany,0,0.042553191,0,,
298,2011/9/24,0,0,1,Germany,0,0,0.010638298,,
299,2011/9/25,0,0,0,Germany,0,0,0,,
300,2011/9/26,1,0,0,Germany,0.010638298,0,0,,
301,2011/9/27,0,1,0,Germany,0,0.010638298,0,,
302,2011/9/28,0,1,0,Germany,0,0.010638298,0,,
303,2011/9/29,1,1,0,Germany,0.010638298,0.010638298,0,,
304,2011/9/30,0,1,0,Germany,0,0.010638298,0,,
305,2011/10/1,0,0,0,Germany,0,0,0,,
306,2011/10/2,0,0,0,Germany,0,0,0,,
307,2011/10/3,0,0,0,Germany,0,0,0,,
308,2011/10/4,0,0,1,Germany,0,0,0.010638298,,
309,2011/10/5,0,3,0,Germany,0,0.031914894,0,,
310,2011/10/6,2,5,0,Germany,0.021276596,0.053191489,0,,
311,2011/10/7,1,4,0,Germany,0.010638298,0.042553191,0,,
312,2011/10/8,0,0,2,Germany,0,0,0.021276596,,
313,2011/10/9,0,0,0,Germany,0,0,0,,
314,2011/10/10,0,1,0,Germany,0,0.010638298,0,,
315,2011/10/11,0,2,1,Germany,0,0.021276596,0.010638298,,
316,2011/10/12,0,4,0,Germany,0,0.042553191,0,,
317,2011/10/13,1,1,0,Germany,0.010638298,0.010638298,0,,
318,2011/10/14,1,1,1,Germany,0.010638298,0.010638298,0.010638298,,
319,2011/10/15,0,0,0,Germany,0,0,0,,
320,2011/10/16,0,0,0,Germany,0,0,0,,
321,2011/10/17,1,3,0,Germany,0.010638298,0.031914894,0,,
322,2011/10/18,0,3,0,Germany,0,0.031914894,0,,
323,2011/10/19,2,2,2,Germany,0.021276596,0.021276596,0.021276596,,
324,2011/10/20,0,3,0,Germany,0,0.031914894,0,,
325,2011/10/21,0,2,2,Germany,0,0.021276596,0.021276596,,
326,2011/10/22,0,0,1,Germany,0,0,0.010638298,,
327,2011/10/23,0,0,1,Germany,0,0,0.010638298,,
328,2011/10/24,0,0,0,Germany,0,0,0,,
329,2011/10/25,0,1,0,Germany,0,0.010638298,0,,
330,2011/10/26,0,1,1,Germany,0,0.010638298,0.010638298,,
331,2011/10/27,0,2,0,Germany,0,0.021276596,0,,
332,2011/10/28,0,2,0,Germany,0,0.021276596,0,,
333,2011/10/29,0,0,1,Germany,0,0,0.010638298,,
334,2011/10/30,0,0,0,Germany,0,0,0,,
335,2011/10/31,1,3,0,Germany,0.010638298,0.031914894,0,,
336,2011/11/1,0,0,0,Germany,0,0,0,,
337,2011/11/2,0,1,0,Germany,0,0.010638298,0,,
338,2011/11/3,0,2,0,Germany,0,0.021276596,0,,
339,2011/11/4,0,0,0,Germany,0,0,0,,
340,2011/11/5,0,0,0,Germany,0,0,0,,
341,2011/11/6,0,3,0,Germany,0,0.031914894,0,,
342,2011/11/7,0,2,2,Germany,0,0.021276596,0.021276596,,
343,2011/11/8,0,0,0,Germany,0,0,0,,
344,2011/11/9,1,0,0,Germany,0.010638298,0,0,,
345,2011/11/10,0,3,0,Germany,0,0.031914894,0,,
346,2011/11/11,0,6,1,Germany,0,0.063829787,0.010638298,,
347,2011/11/12,0,0,1,Germany,0,0,0.010638298,,
348,2011/11/13,0,0,1,Germany,0,0,0.010638298,,
349,2011/11/14,0,2,0,Germany,0,0.021276596,0,,
350,2011/11/15,0,2,0,Germany,0,0.021276596,0,,
351,2011/11/16,0,8,0,Germany,0,0.085106383,0,,
352,2011/11/17,0,5,1,Germany,0,0.053191489,0.010638298,,
353,2011/11/18,1,2,0,Germany,0.010638298,0.021276596,0,,
354,2011/11/19,0,0,0,Germany,0,0,0,,
355,2011/11/20,1,0,0,Germany,0.010638298,0,0,,
356,2011/11/21,1,1,0,Germany,0.010638298,0.010638298,0,,
357,2011/11/22,0,2,0,Germany,0,0.021276596,0,,
358,2011/11/23,0,3,0,Germany,0,0.031914894,0,,
359,2011/11/24,0,5,0,Germany,0,0.053191489,0,,
360,2011/11/25,1,0,0,Germany,0.010638298,0,0,,
361,2011/11/26,0,0,0,Germany,0,0,0,,
362,2011/11/27,0,0,0,Germany,0,0,0,,
363,2011/11/28,1,1,1,Germany,0.010638298,0.010638298,0.010638298,,
364,2011/11/29,0,3,0,Germany,0,0.031914894,0,,
365,2011/11/30,0,2,3,Germany,0,0.021276596,0.031914894,,
366,2011/12/1,0,2,0,Germany,0,0.021276596,0,,
367,2011/12/2,0,1,0,Germany,0,0.010638298,0,,
368,2011/12/3,0,0,0,Germany,0,0,0,,
369,2011/12/4,0,3,0,Germany,0,0.031914894,0,,
370,2011/12/5,0,2,0,Germany,0,0.021276596,0,,
371,2011/12/6,0,0,1,Germany,0,0,0.010638298,,
372,2011/12/7,0,3,1,Germany,0,0.031914894,0.010638298,,
373,2011/12/8,0,1,0,Germany,0,0.010638298,0,,
374,2011/12/9,1,3,0,Germany,0.010638298,0.031914894,0,,
375,2011/12/10,0,0,3,Germany,0,0,0.031914894,,
376,2011/12/11,0,0,5,Germany,0,0,0.053191489,,
377,2011/12/12,0,0,0,Germany,0,0,0,,
378,2011/12/13,0,0,0,Germany,0,0,0,,
379,2011/12/14,0,0,1,Germany,0,0,0.010638298,,
380,2011/12/15,0,0,0,Germany,0,0,0,,
381,2011/12/16,0,0,3,Germany,0,0,0.031914894,,
382,2011/12/17,0,0,4,Germany,0,0,0.042553191,,
383,2011/12/18,0,0,3,Germany,0,0,0.031914894,,
384,2011/12/19,0,0,0,Germany,0,0,0,,
385,2011/12/20,0,0,1,Germany,0,0,0.010638298,,
386,2011/12/21,0,0,2,Germany,0,0,0.021276596,,
387,2011/12/22,0,0,1,Germany,0,0,0.010638298,,
388,2011/12/23,0,0,2,Germany,0,0,0.021276596,,
389,2011/12/24,0,0,3,Germany,0,0,0.031914894,,
390,2011/12/25,0,0,1,Germany,0,0,0.010638298,,
391,2011/12/26,0,0,0,Germany,0,0,0,,
392,2011/12/27,0,0,0,Germany,0,0,0,,
393,2011/12/28,0,0,2,Germany,0,0,0.021276596,,
394,2011/12/29,0,0,2,Germany,0,0,0.021276596,,
395,2011/12/30,0,0,2,Germany,0,0,0.021276596,,
396,2011/12/31,0,0,0,Germany,0,0,0,,
397,2010/12/1,1,0,0,France,0.011494253,0,0,,
398,2010/12/2,0,0,0,France,0,0,0,,
399,2010/12/3,2,0,0,France,0.022988506,0,0,,
400,2010/12/4,0,0,0,France,0,0,0,,
401,2010/12/5,1,0,0,France,0.011494253,0,0,,
402,2010/12/6,0,0,0,France,0,0,0,,
403,2010/12/7,1,1,0,France,0.011494253,0.011494253,0,,
404,2010/12/8,1,0,0,France,0.011494253,0,0,,
405,2010/12/9,2,1,0,France,0.022988506,0.011494253,0,,
406,2010/12/10,1,0,0,France,0.011494253,0,0,,
407,2010/12/11,0,0,0,France,0,0,0,,
408,2010/12/12,0,0,0,France,0,0,0,,
409,2010/12/13,0,0,0,France,0,0,0,,
410,2010/12/14,0,0,0,France,0,0,0,,
411,2010/12/15,1,0,0,France,0.011494253,0,0,,
412,2010/12/16,0,1,0,France,0,0.011494253,0,,
413,2010/12/17,2,0,0,France,0.022988506,0,0,,
414,2010/12/18,0,0,0,France,0,0,0,,
415,2010/12/19,0,0,0,France,0,0,0,,
416,2010/12/20,1,1,0,France,0.011494253,0.011494253,0,,
417,2010/12/21,1,0,0,France,0.011494253,0,0,,
418,2010/12/22,1,0,0,France,0.011494253,0,0,,
419,2010/12/23,0,0,0,France,0,0,0,,
420,2010/12/24,0,0,0,France,0,0,0,,
421,2010/12/25,0,0,0,France,0,0,0,,
422,2010/12/26,0,0,0,France,0,0,0,,
423,2010/12/27,0,0,0,France,0,0,0,,
424,2010/12/28,0,0,0,France,0,0,0,,
425,2010/12/29,0,0,0,France,0,0,0,,
426,2010/12/30,0,0,0,France,0,0,0,,
427,2010/12/31,0,0,0,France,0,0,0,,
428,2011/1/1,0,0,0,France,0,0,0,,
429,2011/1/2,0,0,0,France,0,0,0,,
430,2011/1/3,0,0,1,France,0,0,0.011494253,,
431,2011/1/4,0,0,0,France,0,0,0,,
432,2011/1/5,0,2,0,France,0,0.022988506,0,,
433,2011/1/6,2,0,0,France,0.022988506,0,0,,
434,2011/1/7,1,1,0,France,0.011494253,0.011494253,0,,
435,2011/1/8,0,0,1,France,0,0,0.011494253,,
436,2011/1/9,1,0,0,France,0.011494253,0,0,,
437,2011/1/10,0,1,0,France,0,0.011494253,0,,
438,2011/1/11,4,0,0,France,0.045977011,0,0,,
439,2011/1/12,3,0,0,France,0.034482759,0,0,,
440,2011/1/13,0,0,0,France,0,0,0,,
441,2011/1/14,3,0,0,France,0.034482759,0,0,,
442,2011/1/15,0,0,0,France,0,0,0,,
443,2011/1/16,0,0,0,France,0,0,0,,
444,2011/1/17,0,1,0,France,0,0.011494253,0,,
445,2011/1/18,0,0,0,France,0,0,0,,
446,2011/1/19,0,1,0,France,0,0.011494253,0,,
447,2011/1/20,1,0,0,France,0.011494253,0,0,,
448,2011/1/21,0,0,0,France,0,0,0,,
449,2011/1/22,0,0,1,France,0,0,0.011494253,,
450,2011/1/23,1,0,0,France,0.011494253,0,0,,
451,2011/1/24,0,1,0,France,0,0.011494253,0,,
452,2011/1/25,0,1,0,France,0,0.011494253,0,,
453,2011/1/26,0,0,0,France,0,0,0,,
454,2011/1/27,0,0,0,France,0,0,0,,
455,2011/1/28,1,2,0,France,0.011494253,0.022988506,0,,
456,2011/1/29,0,0,0,France,0,0,0,,
457,2011/1/30,0,0,0,France,0,0,0,,
458,2011/1/31,0,2,0,France,0,0.022988506,0,,
459,2011/2/1,0,1,0,France,0,0.011494253,0,,
460,2011/2/2,0,2,0,France,0,0.022988506,0,,
461,2011/2/3,0,0,0,France,0,0,0,,
462,2011/2/4,0,1,0,France,0,0.011494253,0,,
463,2011/2/5,0,0,0,France,0,0,0,,
464,2011/2/6,0,0,0,France,0,0,0,,
465,2011/2/7,0,0,1,France,0,0,0.011494253,,
466,2011/2/8,1,0,0,France,0.011494253,0,0,,
467,2011/2/9,0,1,1,France,0,0.011494253,0.011494253,,
468,2011/2/10,0,1,0,France,0,0.011494253,0,,
469,2011/2/11,0,0,1,France,0,0,0.011494253,,
470,2011/2/12,0,0,1,France,0,0,0.011494253,,
471,2011/2/13,0,0,0,France,0,0,0,,
472,2011/2/14,0,0,1,France,0,0,0.011494253,,
473,2011/2/15,1,0,0,France,0.011494253,0,0,,
474,2011/2/16,0,1,0,France,0,0.011494253,0,,
475,2011/2/17,0,1,0,France,0,0.011494253,0,,
476,2011/2/18,1,1,0,France,0.011494253,0.011494253,0,,
477,2011/2/19,0,0,0,France,0,0,0,,
478,2011/2/20,0,0,0,France,0,0,0,,
479,2011/2/21,1,1,0,France,0.011494253,0.011494253,0,,
480,2011/2/22,0,0,0,France,0,0,0,,
481,2011/2/23,0,1,0,France,0,0.011494253,0,,
482,2011/2/24,0,0,0,France,0,0,0,,
483,2011/2/25,0,0,0,France,0,0,0,,
484,2011/2/26,0,0,0,France,0,0,0,,
485,2011/2/27,0,1,0,France,0,0.011494253,0,,
486,2011/2/28,2,2,2,France,0.022988506,0.022988506,0.022988506,,
487,2011/3/1,1,1,0,France,0.011494253,0.011494253,0,,
488,2011/3/2,0,0,0,France,0,0,0,,
489,2011/3/3,0,1,0,France,0,0.011494253,0,,
490,2011/3/4,0,1,0,France,0,0.011494253,0,,
491,2011/3/5,0,0,0,France,0,0,0,,
492,2011/3/6,0,0,0,France,0,0,0,,
493,2011/3/7,0,0,0,France,0,0,0,,
494,2011/3/8,0,0,0,France,0,0,0,,
495,2011/3/9,0,0,0,France,0,0,0,,
496,2011/3/10,0,0,0,France,0,0,0,,
497,2011/3/11,0,1,0,France,0,0.011494253,0,,
498,2011/3/12,0,0,0,France,0,0,0,,
499,2011/3/13,0,1,0,France,0,0.011494253,0,,
500,2011/3/14,0,1,0,France,0,0.011494253,0,,
501,2011/3/15,0,1,0,France,0,0.011494253,0,,
502,2011/3/16,0,2,0,France,0,0.022988506,0,,
503,2011/3/17,0,0,0,France,0,0,0,,
504,2011/3/18,0,0,0,France,0,0,0,,
505,2011/3/19,0,0,0,France,0,0,0,,
506,2011/3/20,0,1,0,France,0,0.011494253,0,,
507,2011/3/21,0,1,1,France,0,0.011494253,0.011494253,,
508,2011/3/22,0,1,0,France,0,0.011494253,0,,
509,2011/3/23,2,1,0,France,0.022988506,0.011494253,0,,
510,2011/3/24,0,0,0,France,0,0,0,,
511,2011/3/25,0,1,0,France,0,0.011494253,0,,
512,2011/3/26,0,0,0,France,0,0,0,,
513,2011/3/27,0,1,0,France,0,0.011494253,0,,
514,2011/3/28,1,0,1,France,0.011494253,0,0.011494253,,
515,2011/3/29,0,0,0,France,0,0,0,,
516,2011/3/30,0,0,0,France,0,0,0,,
517,2011/3/31,0,2,0,France,0,0.022988506,0,,
518,2011/4/1,0,2,0,France,0,0.022988506,0,,
519,2011/4/2,0,0,0,France,0,0,0,,
520,2011/4/3,0,0,0,France,0,0,0,,
521,2011/4/4,0,2,0,France,0,0.022988506,0,,
522,2011/4/5,0,1,0,France,0,0.011494253,0,,
523,2011/4/6,0,0,0,France,0,0,0,,
524,2011/4/7,0,1,0,France,0,0.011494253,0,,
525,2011/4/8,0,0,0,France,0,0,0,,
526,2011/4/9,0,0,0,France,0,0,0,,
527,2011/4/10,0,0,0,France,0,0,0,,
528,2011/4/11,0,0,0,France,0,0,0,,
529,2011/4/12,0,0,0,France,0,0,0,,
530,2011/4/13,0,0,0,France,0,0,0,,
531,2011/4/14,0,1,0,France,0,0.011494253,0,,
532,2011/4/15,0,0,0,France,0,0,0,,
533,2011/4/16,0,0,0,France,0,0,0,,
534,2011/4/17,0,2,0,France,0,0.022988506,0,,
535,2011/4/18,0,0,0,France,0,0,0,,
536,2011/4/19,0,0,0,France,0,0,0,,
537,2011/4/20,1,0,0,France,0.011494253,0,0,,
538,2011/4/21,2,0,0,France,0.022988506,0,0,,
539,2011/4/22,0,0,0,France,0,0,0,,
540,2011/4/23,0,0,1,France,0,0,0.011494253,,
541,2011/4/24,0,0,0,France,0,0,0,,
542,2011/4/25,0,0,0,France,0,0,0,,
543,2011/4/26,1,0,0,France,0.011494253,0,0,,
544,2011/4/27,0,0,0,France,0,0,0,,
545,2011/4/28,0,1,0,France,0,0.011494253,0,,
546,2011/4/29,0,0,0,France,0,0,0,,
547,2011/4/30,0,0,0,France,0,0,0,,
548,2011/5/1,0,0,0,France,0,0,0,,
549,2011/5/2,0,0,0,France,0,0,0,,
550,2011/5/3,0,3,0,France,0,0.034482759,0,,
551,2011/5/4,0,0,0,France,0,0,0,,
552,2011/5/5,1,0,0,France,0.011494253,0,0,,
553,2011/5/6,0,0,0,France,0,0,0,,
554,2011/5/7,0,0,0,France,0,0,0,,
555,2011/5/8,1,0,0,France,0.011494253,0,0,,
556,2011/5/9,0,2,0,France,0,0.022988506,0,,
557,2011/5/10,1,0,0,France,0.011494253,0,0,,
558,2011/5/11,1,1,0,France,0.011494253,0.011494253,0,,
559,2011/5/12,0,1,0,France,0,0.011494253,0,,
560,2011/5/13,1,2,0,France,0.011494253,0.022988506,0,,
561,2011/5/14,0,0,0,France,0,0,0,,
562,2011/5/15,0,1,0,France,0,0.011494253,0,,
563,2011/5/16,1,2,0,France,0.011494253,0.022988506,0,,
564,2011/5/17,0,1,0,France,0,0.011494253,0,,
565,2011/5/18,1,2,0,France,0.011494253,0.022988506,0,,
566,2011/5/19,1,1,0,France,0.011494253,0.011494253,0,,
567,2011/5/20,0,1,0,France,0,0.011494253,0,,
568,2011/5/21,0,0,1,France,0,0,0.011494253,,
569,2011/5/22,0,2,0,France,0,0.022988506,0,,
570,2011/5/23,0,1,0,France,0,0.011494253,0,,
571,2011/5/24,0,1,0,France,0,0.011494253,0,,
572,2011/5/25,1,2,0,France,0.011494253,0.022988506,0,,
573,2011/5/26,1,1,1,France,0.011494253,0.011494253,0.011494253,,
574,2011/5/27,0,1,0,France,0,0.011494253,0,,
575,2011/5/28,0,0,0,France,0,0,0,,
576,2011/5/29,0,0,0,France,0,0,0,,
577,2011/5/30,0,0,0,France,0,0,0,,
578,2011/5/31,0,1,0,France,0,0.011494253,0,,
579,2011/6/1,0,0,0,France,0,0,0,,
580,2011/6/2,0,0,0,France,0,0,0,,
581,2011/6/3,0,0,0,France,0,0,0,,
582,2011/6/4,0,0,0,France,0,0,0,,
583,2011/6/5,0,3,0,France,0,0.034482759,0,,
584,2011/6/6,1,0,0,France,0.011494253,0,0,,
585,2011/6/7,0,0,0,France,0,0,0,,
586,2011/6/8,0,3,0,France,0,0.034482759,0,,
587,2011/6/9,1,1,0,France,0.011494253,0.011494253,0,,
588,2011/6/10,0,1,0,France,0,0.011494253,0,,
589,2011/6/11,0,0,0,France,0,0,0,,
590,2011/6/12,0,1,0,France,0,0.011494253,0,,
591,2011/6/13,1,2,0,France,0.011494253,0.022988506,0,,
592,2011/6/14,0,0,0,France,0,0,0,,
593,2011/6/15,1,2,0,France,0.011494253,0.022988506,0,,
594,2011/6/16,0,1,0,France,0,0.011494253,0,,
595,2011/6/17,0,1,0,France,0,0.011494253,0,,
596,2011/6/18,0,0,1,France,0,0,0.011494253,,
597,2011/6/19,0,1,0,France,0,0.011494253,0,,
598,2011/6/20,0,2,0,France,0,0.022988506,0,,
599,2011/6/21,0,1,0,France,0,0.011494253,0,,
600,2011/6/22,0,2,0,France,0,0.022988506,0,,
601,2011/6/23,0,0,0,France,0,0,0,,
602,2011/6/24,1,0,0,France,0.011494253,0,0,,
603,2011/6/25,0,0,0,France,0,0,0,,
604,2011/6/26,0,0,0,France,0,0,0,,
605,2011/6/27,0,1,0,France,0,0.011494253,0,,
606,2011/6/28,0,1,0,France,0,0.011494253,0,,
607,2011/6/29,0,0,0,France,0,0,0,,
608,2011/6/30,0,0,0,France,0,0,0,,
609,2011/7/1,0,2,0,France,0,0.022988506,0,,
610,2011/7/2,0,0,0,France,0,0,0,,
611,2011/7/3,0,0,0,France,0,0,0,,
612,2011/7/4,0,1,0,France,0,0.011494253,0,,
613,2011/7/5,0,1,0,France,0,0.011494253,0,,
614,2011/7/6,0,1,0,France,0,0.011494253,0,,
615,2011/7/7,0,0,0,France,0,0,0,,
616,2011/7/8,0,3,0,France,0,0.034482759,0,,
617,2011/7/9,0,0,0,France,0,0,0,,
618,2011/7/10,0,0,0,France,0,0,0,,
619,2011/7/11,0,2,0,France,0,0.022988506,0,,
620,2011/7/12,1,2,0,France,0.011494253,0.022988506,0,,
621,2011/7/13,0,1,1,France,0,0.011494253,0.011494253,,
622,2011/7/14,0,0,0,France,0,0,0,,
623,2011/7/15,0,0,0,France,0,0,0,,
624,2011/7/16,0,0,0,France,0,0,0,,
625,2011/7/17,0,1,0,France,0,0.011494253,0,,
626,2011/7/18,1,1,0,France,0.011494253,0.011494253,0,,
627,2011/7/19,0,1,0,France,0,0.011494253,0,,
628,2011/7/20,0,0,0,France,0,0,0,,
629,2011/7/21,0,0,0,France,0,0,0,,
630,2011/7/22,0,0,0,France,0,0,0,,
631,2011/7/23,0,0,0,France,0,0,0,,
632,2011/7/24,0,1,0,France,0,0.011494253,0,,
633,2011/7/25,0,0,0,France,0,0,0,,
634,2011/7/26,0,0,0,France,0,0,0,,
635,2011/7/27,0,1,1,France,0,0.011494253,0.011494253,,
636,2011/7/28,0,0,0,France,0,0,0,,
637,2011/7/29,1,0,0,France,0.011494253,0,0,,
638,2011/7/30,0,0,0,France,0,0,0,,
639,2011/7/31,0,0,0,France,0,0,0,,
640,2011/8/1,0,0,0,France,0,0,0,,
641,2011/8/2,0,1,0,France,0,0.011494253,0,,
642,2011/8/3,0,1,0,France,0,0.011494253,0,,
643,2011/8/4,1,0,0,France,0.011494253,0,0,,
644,2011/8/5,0,2,0,France,0,0.022988506,0,,
645,2011/8/6,0,0,0,France,0,0,0,,
646,2011/8/7,0,0,0,France,0,0,0,,
647,2011/8/8,0,0,0,France,0,0,0,,
648,2011/8/9,0,0,0,France,0,0,0,,
649,2011/8/10,1,0,0,France,0.011494253,0,0,,
650,2011/8/11,0,0,0,France,0,0,0,,
651,2011/8/12,0,1,1,France,0,0.011494253,0.011494253,,
652,2011/8/13,0,0,0,France,0,0,0,,
653,2011/8/14,0,1,0,France,0,0.011494253,0,,
654,2011/8/15,0,1,0,France,0,0.011494253,0,,
655,2011/8/16,0,0,0,France,0,0,0,,
656,2011/8/17,0,1,0,France,0,0.011494253,0,,
657,2011/8/18,2,0,0,France,0.022988506,0,0,,
658,2011/8/19,1,0,0,France,0.011494253,0,0,,
659,2011/8/20,0,0,0,France,0,0,0,,
660,2011/8/21,0,2,0,France,0,0.022988506,0,,
661,2011/8/22,0,0,0,France,0,0,0,,
662,2011/8/23,0,2,0,France,0,0.022988506,0,,
663,2011/8/24,0,2,0,France,0,0.022988506,0,,
664,2011/8/25,0,4,0,France,0,0.045977011,0,,
665,2011/8/26,0,1,0,France,0,0.011494253,0,,
666,2011/8/27,0,0,0,France,0,0,0,,
667,2011/8/28,0,0,0,France,0,0,0,,
668,2011/8/29,0,0,0,France,0,0,0,,
669,2011/8/30,0,0,0,France,0,0,0,,
670,2011/8/31,0,3,0,France,0,0.034482759,0,,
671,2011/9/1,0,0,0,France,0,0,0,,
672,2011/9/2,0,2,0,France,0,0.022988506,0,,
673,2011/9/3,0,0,1,France,0,0,0.011494253,,
674,2011/9/4,0,1,0,France,0,0.011494253,0,,
675,2011/9/5,0,2,0,France,0,0.022988506,0,,
676,2011/9/6,0,0,0,France,0,0,0,,
677,2011/9/7,1,2,0,France,0.011494253,0.022988506,0,,
678,2011/9/8,0,2,0,France,0,0.022988506,0,,
679,2011/9/9,0,3,0,France,0,0.034482759,0,,
680,2011/9/10,0,0,0,France,0,0,0,,
681,2011/9/11,0,1,0,France,0,0.011494253,0,,
682,2011/9/12,0,0,0,France,0,0,0,,
683,2011/9/13,0,1,0,France,0,0.011494253,0,,
684,2011/9/14,0,1,0,France,0,0.011494253,0,,
685,2011/9/15,0,3,0,France,0,0.034482759,0,,
686,2011/9/16,0,0,0,France,0,0,0,,
687,2011/9/17,0,0,0,France,0,0,0,,
688,2011/9/18,0,0,1,France,0,0,0.011494253,,
689,2011/9/19,1,3,1,France,0.011494253,0.034482759,0.011494253,,
690,2011/9/20,0,1,0,France,0,0.011494253,0,,
691,2011/9/21,0,4,0,France,0,0.045977011,0,,
692,2011/9/22,2,2,0,France,0.022988506,0.022988506,0,,
693,2011/9/23,0,1,1,France,0,0.011494253,0.011494253,,
694,2011/9/24,0,0,0,France,0,0,0,,
695,2011/9/25,1,1,1,France,0.011494253,0.011494253,0.011494253,,
696,2011/9/26,0,0,0,France,0,0,0,,
697,2011/9/27,0,1,0,France,0,0.011494253,0,,
698,2011/9/28,0,1,0,France,0,0.011494253,0,,
699,2011/9/29,1,3,0,France,0.011494253,0.034482759,0,,
700,2011/9/30,0,3,0,France,0,0.034482759,0,,
701,2011/10/1,0,0,0,France,0,0,0,,
702,2011/10/2,0,0,0,France,0,0,0,,
703,2011/10/3,0,1,0,France,0,0.011494253,0,,
704,2011/10/4,0,2,0,France,0,0.022988506,0,,
705,2011/10/5,2,1,1,France,0.022988506,0.011494253,0.011494253,,
706,2011/10/6,0,1,0,France,0,0.011494253,0,,
707,2011/10/7,1,1,0,France,0.011494253,0.011494253,0,,
708,2011/10/8,0,0,0,France,0,0,0,,
709,2011/10/9,0,0,1,France,0,0,0.011494253,,
710,2011/10/10,0,1,0,France,0,0.011494253,0,,
711,2011/10/11,1,0,0,France,0.011494253,0,0,,
712,2011/10/12,1,4,0,France,0.011494253,0.045977011,0,,
713,2011/10/13,0,1,0,France,0,0.011494253,0,,
714,2011/10/14,0,1,0,France,0,0.011494253,0,,
715,2011/10/15,0,0,1,France,0,0,0.011494253,,
716,2011/10/16,0,0,0,France,0,0,0,,
717,2011/10/17,0,0,0,France,0,0,0,,
718,2011/10/18,0,0,0,France,0,0,0,,
719,2011/10/19,0,2,0,France,0,0.022988506,0,,
720,2011/10/20,0,1,0,France,0,0.011494253,0,,
721,2011/10/21,0,0,1,France,0,0,0.011494253,,
722,2011/10/22,0,0,1,France,0,0,0.011494253,,
723,2011/10/23,0,0,0,France,0,0,0,,
724,2011/10/24,0,0,0,France,0,0,0,,
725,2011/10/25,0,0,0,France,0,0,0,,
726,2011/10/26,0,0,0,France,0,0,0,,
727,2011/10/27,0,4,0,France,0,0.045977011,0,,
728,2011/10/28,0,2,0,France,0,0.022988506,0,,
729,2011/10/29,0,0,2,France,0,0,0.022988506,,
730,2011/10/30,0,1,1,France,0,0.011494253,0.011494253,,
731,2011/10/31,0,2,0,France,0,0.022988506,0,,
732,2011/11/1,1,2,0,France,0.011494253,0.022988506,0,,
733,2011/11/2,0,1,0,France,0,0.011494253,0,,
734,2011/11/3,0,2,1,France,0,0.022988506,0.011494253,,
735,2011/11/4,0,1,1,France,0,0.011494253,0.011494253,,
736,2011/11/5,0,0,0,France,0,0,0,,
737,2011/11/6,0,0,0,France,0,0,0,,
738,2011/11/7,0,0,1,France,0,0,0.011494253,,
739,2011/11/8,0,2,0,France,0,0.022988506,0,,
740,2011/11/9,1,1,0,France,0.011494253,0.011494253,0,,
741,2011/11/10,3,3,0,France,0.034482759,0.034482759,0,,
742,2011/11/11,0,5,0,France,0,0.057471264,0,,
743,2011/11/12,0,0,2,France,0,0,0.022988506,,
744,2011/11/13,0,1,0,France,0,0.011494253,0,,
745,2011/11/14,0,3,0,France,0,0.034482759,0,,
746,2011/11/15,0,2,0,France,0,0.022988506,0,,
747,2011/11/16,0,2,0,France,0,0.022988506,0,,
748,2011/11/17,0,3,0,France,0,0.034482759,0,,
749,2011/11/18,0,3,0,France,0,0.034482759,0,,
750,2011/11/19,0,0,0,France,0,0,0,,
751,2011/11/20,0,2,0,France,0,0.022988506,0,,
752,2011/11/21,0,1,0,France,0,0.011494253,0,,
753,2011/11/22,0,2,0,France,0,0.022988506,0,,
754,2011/11/23,0,1,0,France,0,0.011494253,0,,
755,2011/11/24,0,2,0,France,0,0.022988506,0,,
756,2011/11/25,0,3,0,France,0,0.034482759,0,,
757,2011/11/26,0,0,0,France,0,0,0,,
758,2011/11/27,0,0,1,France,0,0,0.011494253,,
759,2011/11/28,1,1,1,France,0.011494253,0.011494253,0.011494253,,
760,2011/11/29,0,2,0,France,0,0.022988506,0,,
761,2011/11/30,0,5,1,France,0,0.057471264,0.011494253,,
762,2011/12/1,0,2,2,France,0,0.022988506,0.022988506,,
763,2011/12/2,0,3,0,France,0,0.034482759,0,,
764,2011/12/3,0,0,0,France,0,0,0,,
765,2011/12/4,0,3,2,France,0,0.034482759,0.022988506,,
766,2011/12/5,0,1,0,France,0,0.011494253,0,,
767,2011/12/6,1,3,0,France,0.011494253,0.034482759,0,,
768,2011/12/7,0,2,0,France,0,0.022988506,0,,
769,2011/12/8,0,1,1,France,0,0.011494253,0.011494253,,
770,2011/12/9,0,1,1,France,0,0.011494253,0.011494253,,
771,2011/12/10,0,0,3,France,0,0,0.034482759,,
772,2011/12/11,0,0,4,France,0,0,0.045977011,,
773,2011/12/12,0,0,0,France,0,0,0,,
774,2011/12/13,0,0,1,France,0,0,0.011494253,,
775,2011/12/14,0,0,1,France,0,0,0.011494253,,
776,2011/12/15,0,0,0,France,0,0,0,,
777,2011/12/16,0,0,2,France,0,0,0.022988506,,
778,2011/12/17,0,0,1,France,0,0,0.011494253,,
779,2011/12/18,0,0,0,France,0,0,0,,
780,2011/12/19,0,0,0,France,0,0,0,,
781,2011/12/20,0,0,1,France,0,0,0.011494253,,
782,2011/12/21,0,0,0,France,0,0,0,,
783,2011/12/22,0,0,1,France,0,0,0.011494253,,
784,2011/12/23,0,0,0,France,0,0,0,,
785,2011/12/24,0,0,2,France,0,0,0.022988506,,
786,2011/12/25,0,0,2,France,0,0,0.022988506,,
787,2011/12/26,0,0,0,France,0,0,0,,
788,2011/12/27,0,0,0,France,0,0,0,,
789,2011/12/28,0,0,2,France,0,0,0.022988506,,
790,2011/12/29,0,0,2,France,0,0,0.022988506,,
791,2011/12/30,0,0,3,France,0,0,0.034482759,,
792,2011/12/31,0,0,0,France,0,0,0,,
793,2010/12/1,89,0,0,United Kingdom,0.022698291,0,0,,
794,2010/12/2,92,5,0,United Kingdom,0.023463402,0.001275185,0,,
795,2010/12/3,34,3,0,United Kingdom,0.008671257,0.000765111,0,,
796,2010/12/4,0,0,0,United Kingdom,0,0,0,,
797,2010/12/5,63,6,0,United Kingdom,0.01606733,0.001530222,0,,
798,2010/12/6,68,11,0,United Kingdom,0.017342515,0.002805407,0,,
799,2010/12/7,48,13,0,United Kingdom,0.012241775,0.003315481,0,,
800,2010/12/8,79,14,0,United Kingdom,0.020147921,0.003570518,0,,
801,2010/12/9,58,20,0,United Kingdom,0.014792145,0.00510074,0,,
802,2010/12/10,37,12,0,United Kingdom,0.009436368,0.003060444,0,,
803,2010/12/11,0,0,0,United Kingdom,0,0,0,,
804,2010/12/12,30,11,0,United Kingdom,0.007651109,0.002805407,0,,
805,2010/12/13,33,24,0,United Kingdom,0.00841622,0.006120888,0,,
806,2010/12/14,33,38,0,United Kingdom,0.00841622,0.009691405,0,,
807,2010/12/15,41,24,0,United Kingdom,0.010456516,0.006120888,0,,
808,2010/12/16,57,38,0,United Kingdom,0.014537108,0.009691405,0,,
809,2010/12/17,16,18,0,United Kingdom,0.004080592,0.004590666,0,,
810,2010/12/18,0,0,0,United Kingdom,0,0,0,,
811,2010/12/19,6,9,0,United Kingdom,0.001530222,0.002295333,0,,
812,2010/12/20,13,23,0,United Kingdom,0.003315481,0.005865851,0,,
813,2010/12/21,9,9,0,United Kingdom,0.002295333,0.002295333,0,,
814,2010/12/22,4,7,0,United Kingdom,0.001020148,0.001785259,0,,
815,2010/12/23,5,7,0,United Kingdom,0.001275185,0.001785259,0,,
816,2010/12/24,0,0,0,United Kingdom,0,0,0,,
817,2010/12/25,0,0,0,United Kingdom,0,0,0,,
818,2010/12/26,0,0,0,United Kingdom,0,0,0,,
819,2010/12/27,0,0,0,United Kingdom,0,0,0,,
820,2010/12/28,0,0,0,United Kingdom,0,0,0,,
821,2010/12/29,0,0,0,United Kingdom,0,0,0,,
822,2010/12/30,0,0,0,United Kingdom,0,0,0,,
823,2010/12/31,0,0,0,United Kingdom,0,0,0,,
824,2011/1/1,0,0,16,United Kingdom,0,0,0.004080592,,
825,2011/1/2,0,0,17,United Kingdom,0,0,0.004335629,,
826,2011/1/3,0,0,4,United Kingdom,0,0,0.001020148,,
827,2011/1/4,13,20,0,United Kingdom,0.003315481,0.00510074,0,,
828,2011/1/5,13,30,3,United Kingdom,0.003315481,0.007651109,0.000765111,,
829,2011/1/6,16,25,5,United Kingdom,0.004080592,0.006375925,0.001275185,,
830,2011/1/7,17,21,5,United Kingdom,0.004335629,0.005355777,0.001275185,,
831,2011/1/8,0,0,8,United Kingdom,0,0,0.002040296,,
832,2011/1/9,22,22,8,United Kingdom,0.005610814,0.005610814,0.002040296,,
833,2011/1/10,12,15,5,United Kingdom,0.003060444,0.003825555,0.001275185,,
834,2011/1/11,23,16,0,United Kingdom,0.005865851,0.004080592,0,,
835,2011/1/12,15,21,6,United Kingdom,0.003825555,0.005355777,0.001530222,,
836,2011/1/13,15,24,3,United Kingdom,0.003825555,0.006120888,0.000765111,,
837,2011/1/14,8,21,4,United Kingdom,0.002040296,0.005355777,0.001020148,,
838,2011/1/15,0,0,5,United Kingdom,0,0,0.001275185,,
839,2011/1/16,15,7,8,United Kingdom,0.003825555,0.001785259,0.002040296,,
840,2011/1/17,15,25,3,United Kingdom,0.003825555,0.006375925,0.000765111,,
841,2011/1/18,10,17,0,United Kingdom,0.00255037,0.004335629,0,,
842,2011/1/19,8,18,1,United Kingdom,0.002040296,0.004590666,0.000255037,,
843,2011/1/20,12,13,2,United Kingdom,0.003060444,0.003315481,0.000510074,,
844,2011/1/21,10,19,1,United Kingdom,0.00255037,0.004845703,0.000255037,,
845,2011/1/22,0,0,0,United Kingdom,0,0,0,,
846,2011/1/23,12,14,3,United Kingdom,0.003060444,0.003570518,0.000765111,,
847,2011/1/24,20,16,0,United Kingdom,0.00510074,0.004080592,0,,
848,2011/1/25,24,26,0,United Kingdom,0.006120888,0.006630961,0,,
849,2011/1/26,21,22,0,United Kingdom,0.005355777,0.005610814,0,,
850,2011/1/27,16,27,0,United Kingdom,0.004080592,0.006885998,0,,
851,2011/1/28,14,16,0,United Kingdom,0.003570518,0.004080592,0,,
852,2011/1/29,0,0,0,United Kingdom,0,0,0,,
853,2011/1/30,9,13,0,United Kingdom,0.002295333,0.003315481,0,,
854,2011/1/31,18,25,0,United Kingdom,0.004590666,0.006375925,0,,
855,2011/2/1,27,23,0,United Kingdom,0.006885998,0.005865851,0,,
856,2011/2/2,23,27,0,United Kingdom,0.005865851,0.006885998,0,,
857,2011/2/3,16,22,0,United Kingdom,0.004080592,0.005610814,0,,
858,2011/2/4,18,18,1,United Kingdom,0.004590666,0.004590666,0.000255037,,
859,2011/2/5,0,0,2,United Kingdom,0,0,0.000510074,,
860,2011/2/6,4,7,1,United Kingdom,0.001020148,0.001785259,0.000255037,,
861,2011/2/7,13,18,4,United Kingdom,0.003315481,0.004590666,0.001020148,,
862,2011/2/8,8,26,0,United Kingdom,0.002040296,0.006630961,0,,
863,2011/2/9,6,11,2,United Kingdom,0.001530222,0.002805407,0.000510074,,
864,2011/2/10,14,23,4,United Kingdom,0.003570518,0.005865851,0.001020148,,
865,2011/2/11,9,23,4,United Kingdom,0.002295333,0.005865851,0.001020148,,
866,2011/2/12,0,0,3,United Kingdom,0,0,0.000765111,,
867,2011/2/13,7,13,5,United Kingdom,0.001785259,0.003315481,0.001275185,,
868,2011/2/14,10,21,2,United Kingdom,0.00255037,0.005355777,0.000510074,,
869,2011/2/15,14,29,0,United Kingdom,0.003570518,0.007396072,0,,
870,2011/2/16,17,34,0,United Kingdom,0.004335629,0.008671257,0,,
871,2011/2/17,12,31,5,United Kingdom,0.003060444,0.007906146,0.001275185,,
872,2011/2/18,12,17,4,United Kingdom,0.003060444,0.004335629,0.001020148,,
873,2011/2/19,0,0,1,United Kingdom,0,0,0.000255037,,
874,2011/2/20,10,16,4,United Kingdom,0.00255037,0.004080592,0.001020148,,
875,2011/2/21,13,10,4,United Kingdom,0.003315481,0.00255037,0.001020148,,
876,2011/2/22,20,26,0,United Kingdom,0.00510074,0.006630961,0,,
877,2011/2/23,19,27,3,United Kingdom,0.004845703,0.006885998,0.000765111,,
878,2011/2/24,20,29,6,United Kingdom,0.00510074,0.007396072,0.001530222,,
879,2011/2/25,16,22,8,United Kingdom,0.004080592,0.005610814,0.002040296,,
880,2011/2/26,0,0,3,United Kingdom,0,0,0.000765111,,
881,2011/2/27,12,17,2,United Kingdom,0.003060444,0.004335629,0.000510074,,
882,2011/2/28,20,21,11,United Kingdom,0.00510074,0.005355777,0.002805407,,
883,2011/3/1,18,27,8,United Kingdom,0.004590666,0.006885998,0.002040296,,
884,2011/3/2,21,17,6,United Kingdom,0.005355777,0.004335629,0.001530222,,
885,2011/3/3,18,22,4,United Kingdom,0.004590666,0.005610814,0.001020148,,
886,2011/3/4,14,17,5,United Kingdom,0.003570518,0.004335629,0.001275185,,
887,2011/3/5,0,0,0,United Kingdom,0,0,0,,
888,2011/3/6,8,16,5,United Kingdom,0.002040296,0.004080592,0.001275185,,
889,2011/3/7,19,26,2,United Kingdom,0.004845703,0.006630961,0.000510074,,
890,2011/3/8,20,17,3,United Kingdom,0.00510074,0.004335629,0.000765111,,
891,2011/3/9,14,29,4,United Kingdom,0.003570518,0.007396072,0.001020148,,
892,2011/3/10,18,24,7,United Kingdom,0.004590666,0.006120888,0.001785259,,
893,2011/3/11,13,26,3,United Kingdom,0.003315481,0.006630961,0.000765111,,
894,2011/3/12,0,0,0,United Kingdom,0,0,0,,
895,2011/3/13,5,10,2,United Kingdom,0.001275185,0.00255037,0.000510074,,
896,2011/3/14,10,25,1,United Kingdom,0.00255037,0.006375925,0.000255037,,
897,2011/3/15,13,22,5,United Kingdom,0.003315481,0.005610814,0.001275185,,
898,2011/3/16,13,28,5,United Kingdom,0.003315481,0.007141035,0.001275185,,
899,2011/3/17,21,24,3,United Kingdom,0.005355777,0.006120888,0.000765111,,
900,2011/3/18,24,19,4,United Kingdom,0.006120888,0.004845703,0.001020148,,
901,2011/3/19,0,0,0,United Kingdom,0,0,0,,
902,2011/3/20,21,29,1,United Kingdom,0.005355777,0.007396072,0.000255037,,
903,2011/3/21,14,31,1,United Kingdom,0.003570518,0.007906146,0.000255037,,
904,2011/3/22,15,19,5,United Kingdom,0.003825555,0.004845703,0.001275185,,
905,2011/3/23,22,26,4,United Kingdom,0.005610814,0.006630961,0.001020148,,
906,2011/3/24,17,40,7,United Kingdom,0.004335629,0.010201479,0.001785259,,
907,2011/3/25,11,25,3,United Kingdom,0.002805407,0.006375925,0.000765111,,
908,2011/3/26,0,0,0,United Kingdom,0,0,0,,
909,2011/3/27,6,24,2,United Kingdom,0.001530222,0.006120888,0.000510074,,
910,2011/3/28,15,30,4,United Kingdom,0.003825555,0.007651109,0.001020148,,
911,2011/3/29,13,32,0,United Kingdom,0.003315481,0.008161183,0,,
912,2011/3/30,18,41,0,United Kingdom,0.004590666,0.010456516,0,,
913,2011/3/31,18,33,0,United Kingdom,0.004590666,0.00841622,0,,
914,2011/4/1,15,39,6,United Kingdom,0.003825555,0.009946442,0.001530222,,
915,2011/4/2,0,0,6,United Kingdom,0,0,0.001530222,,
916,2011/4/3,3,15,6,United Kingdom,0.000765111,0.003825555,0.001530222,,
917,2011/4/4,15,28,6,United Kingdom,0.003825555,0.007141035,0.001530222,,
918,2011/4/5,13,26,0,United Kingdom,0.003315481,0.006630961,0,,
919,2011/4/6,14,21,1,United Kingdom,0.003570518,0.005355777,0.000255037,,
920,2011/4/7,18,33,6,United Kingdom,0.004590666,0.00841622,0.001530222,,
921,2011/4/8,20,38,5,United Kingdom,0.00510074,0.009691405,0.001275185,,
922,2011/4/9,0,0,5,United Kingdom,0,0,0.001275185,,
923,2011/4/10,9,21,7,United Kingdom,0.002295333,0.005355777,0.001785259,,
924,2011/4/11,15,33,7,United Kingdom,0.003825555,0.00841622,0.001785259,,
925,2011/4/12,16,37,0,United Kingdom,0.004080592,0.009436368,0,,
926,2011/4/13,17,35,1,United Kingdom,0.004335629,0.008926294,0.000255037,,
927,2011/4/14,19,49,1,United Kingdom,0.004845703,0.012496812,0.000255037,,
928,2011/4/15,8,27,6,United Kingdom,0.002040296,0.006885998,0.001530222,,
929,2011/4/16,0,0,5,United Kingdom,0,0,0.001275185,,
930,2011/4/17,11,25,8,United Kingdom,0.002805407,0.006375925,0.002040296,,
931,2011/4/18,12,41,11,United Kingdom,0.003060444,0.010456516,0.002805407,,
932,2011/4/19,14,32,0,United Kingdom,0.003570518,0.008161183,0,,
933,2011/4/20,13,42,8,United Kingdom,0.003315481,0.010711553,0.002040296,,
934,2011/4/21,15,42,8,United Kingdom,0.003825555,0.010711553,0.002040296,,
935,2011/4/22,0,0,6,United Kingdom,0,0,0.001530222,,
936,2011/4/23,0,0,8,United Kingdom,0,0,0.002040296,,
937,2011/4/24,0,0,9,United Kingdom,0,0,0.002295333,,
938,2011/4/25,0,0,2,United Kingdom,0,0,0.000510074,,
939,2011/4/26,7,44,0,United Kingdom,0.001785259,0.011221627,0,,
940,2011/4/27,9,44,3,United Kingdom,0.002295333,0.011221627,0.000765111,,
941,2011/4/28,14,30,6,United Kingdom,0.003570518,0.007651109,0.001530222,,
942,2011/4/29,0,0,4,United Kingdom,0,0,0.001020148,,
943,2011/4/30,0,0,13,United Kingdom,0,0,0.003315481,,
944,2011/5/1,4,13,8,United Kingdom,0.001020148,0.003315481,0.002040296,,
945,2011/5/2,0,0,0,United Kingdom,0,0,0,,
946,2011/5/3,9,37,1,United Kingdom,0.002295333,0.009436368,0.000255037,,
947,2011/5/4,12,38,5,United Kingdom,0.003060444,0.009691405,0.001275185,,
948,2011/5/5,18,51,4,United Kingdom,0.004590666,0.013006886,0.001020148,,
949,2011/5/6,16,43,7,United Kingdom,0.004080592,0.01096659,0.001785259,,
950,2011/5/7,0,0,5,United Kingdom,0,0,0.001275185,,
951,2011/5/8,14,42,9,United Kingdom,0.003570518,0.010711553,0.002295333,,
952,2011/5/9,7,47,0,United Kingdom,0.001785259,0.011986738,0,,
953,2011/5/10,13,45,4,United Kingdom,0.003315481,0.011476664,0.001020148,,
954,2011/5/11,15,35,7,United Kingdom,0.003825555,0.008926294,0.001785259,,
955,2011/5/12,19,39,7,United Kingdom,0.004845703,0.009946442,0.001785259,,
956,2011/5/13,4,43,5,United Kingdom,0.001020148,0.01096659,0.001275185,,
957,2011/5/14,0,0,11,United Kingdom,0,0,0.002805407,,
958,2011/5/15,7,20,3,United Kingdom,0.001785259,0.00510074,0.000765111,,
959,2011/5/16,8,38,0,United Kingdom,0.002040296,0.009691405,0,,
960,2011/5/17,6,45,8,United Kingdom,0.001530222,0.011476664,0.002040296,,
961,2011/5/18,13,43,5,United Kingdom,0.003315481,0.01096659,0.001275185,,
962,2011/5/19,16,56,6,United Kingdom,0.004080592,0.014282071,0.001530222,,
963,2011/5/20,9,45,6,United Kingdom,0.002295333,0.011476664,0.001530222,,
964,2011/5/21,0,0,5,United Kingdom,0,0,0.001275185,,
965,2011/5/22,16,37,0,United Kingdom,0.004080592,0.009436368,0,,
966,2011/5/23,8,36,0,United Kingdom,0.002040296,0.009181331,0,,
967,2011/5/24,5,46,0,United Kingdom,0.001275185,0.011731701,0,,
968,2011/5/25,9,37,0,United Kingdom,0.002295333,0.009436368,0,,
969,2011/5/26,7,35,5,United Kingdom,0.001785259,0.008926294,0.001275185,,
970,2011/5/27,8,38,5,United Kingdom,0.002040296,0.009691405,0.001275185,,
971,2011/5/28,0,0,9,United Kingdom,0,0,0.002295333,,
972,2011/5/29,5,14,0,United Kingdom,0.001275185,0.003570518,0,,
973,2011/5/30,0,0,0,United Kingdom,0,0,0,,
974,2011/5/31,8,33,0,United Kingdom,0.002040296,0.00841622,0,,
975,2011/6/1,6,26,2,United Kingdom,0.001530222,0.006630961,0.000510074,,
976,2011/6/2,9,21,0,United Kingdom,0.002295333,0.005355777,0,,
977,2011/6/3,9,23,3,United Kingdom,0.002295333,0.005865851,0.000765111,,
978,2011/6/4,0,0,5,United Kingdom,0,0,0.001275185,,
979,2011/6/5,9,45,16,United Kingdom,0.002295333,0.011476664,0.004080592,,
980,2011/6/6,7,41,10,United Kingdom,0.001785259,0.010456516,0.00255037,,
981,2011/6/7,11,53,0,United Kingdom,0.002805407,0.01351696,0,,
982,2011/6/8,11,52,5,United Kingdom,0.002805407,0.013261923,0.001275185,,
983,2011/6/9,11,53,5,United Kingdom,0.002805407,0.01351696,0.001275185,,
984,2011/6/10,10,28,8,United Kingdom,0.00255037,0.007141035,0.002040296,,
985,2011/6/11,0,0,8,United Kingdom,0,0,0.002040296,,
986,2011/6/12,9,27,10,United Kingdom,0.002295333,0.006885998,0.00255037,,
987,2011/6/13,13,29,2,United Kingdom,0.003315481,0.007396072,0.000510074,,
988,2011/6/14,5,37,0,United Kingdom,0.001275185,0.009436368,0,,
989,2011/6/15,8,28,3,United Kingdom,0.002040296,0.007141035,0.000765111,,
990,2011/6/16,16,53,3,United Kingdom,0.004080592,0.01351696,0.000765111,,
991,2011/6/17,1,29,3,United Kingdom,0.000255037,0.007396072,0.000765111,,
992,2011/6/18,0,0,5,United Kingdom,0,0,0.001275185,,
993,2011/6/19,12,39,6,United Kingdom,0.003060444,0.009946442,0.001530222,,
994,2011/6/20,10,31,5,United Kingdom,0.00255037,0.007906146,0.001275185,,
995,2011/6/21,11,29,0,United Kingdom,0.002805407,0.007396072,0,,
996,2011/6/22,7,40,7,United Kingdom,0.001785259,0.010201479,0.001785259,,
997,2011/6/23,9,49,6,United Kingdom,0.002295333,0.012496812,0.001530222,,
998,2011/6/24,3,33,4,United Kingdom,0.000765111,0.00841622,0.001020148,,
999,2011/6/25,0,0,8,United Kingdom,0,0,0.002040296,,
1000,2011/6/26,3,18,7,United Kingdom,0.000765111,0.004590666,0.001785259,,
1001,2011/6/27,4,25,9,United Kingdom,0.001020148,0.006375925,0.002295333,,
1002,2011/6/28,9,30,0,United Kingdom,0.002295333,0.007651109,0,,
1003,2011/6/29,6,28,6,United Kingdom,0.001530222,0.007141035,0.001530222,,
1004,2011/6/30,5,44,7,United Kingdom,0.001275185,0.011221627,0.001785259,,
1005,2011/7/1,5,23,6,United Kingdom,0.001275185,0.005865851,0.001530222,,
1006,2011/7/2,0,0,6,United Kingdom,0,0,0.001530222,,
1007,2011/7/3,7,17,8,United Kingdom,0.001785259,0.004335629,0.002040296,,
1008,2011/7/4,4,23,0,United Kingdom,0.001020148,0.005865851,0,,
1009,2011/7/5,8,47,6,United Kingdom,0.002040296,0.011986738,0.001530222,,
1010,2011/7/6,4,52,5,United Kingdom,0.001020148,0.013261923,0.001275185,,
1011,2011/7/7,13,49,13,United Kingdom,0.003315481,0.012496812,0.003315481,,
1012,2011/7/8,6,30,6,United Kingdom,0.001530222,0.007651109,0.001530222,,
1013,2011/7/9,0,0,6,United Kingdom,0,0,0.001530222,,
1014,2011/7/10,2,18,6,United Kingdom,0.000510074,0.004590666,0.001530222,,
1015,2011/7/11,6,32,0,United Kingdom,0.001530222,0.008161183,0,,
1016,2011/7/12,6,29,3,United Kingdom,0.001530222,0.007396072,0.000765111,,
1017,2011/7/13,6,37,7,United Kingdom,0.001530222,0.009436368,0.001785259,,
1018,2011/7/14,11,42,4,United Kingdom,0.002805407,0.010711553,0.001020148,,
1019,2011/7/15,5,25,7,United Kingdom,0.001275185,0.006375925,0.001785259,,
1020,2011/7/16,0,0,11,United Kingdom,0,0,0.002805407,,
1021,2011/7/17,6,37,2,United Kingdom,0.001530222,0.009436368,0.000510074,,
1022,2011/7/18,3,38,0,United Kingdom,0.000765111,0.009691405,0,,
1023,2011/7/19,7,40,13,United Kingdom,0.001785259,0.010201479,0.003315481,,
1024,2011/7/20,8,34,9,United Kingdom,0.002040296,0.008671257,0.002295333,,
1025,2011/7/21,8,47,4,United Kingdom,0.002040296,0.011986738,0.001020148,,
1026,2011/7/22,5,27,7,United Kingdom,0.001275185,0.006885998,0.001785259,,
1027,2011/7/23,0,0,12,United Kingdom,0,0,0.003060444,,
1028,2011/7/24,9,40,4,United Kingdom,0.002295333,0.010201479,0.001020148,,
1029,2011/7/25,7,37,0,United Kingdom,0.001785259,0.009436368,0,,
1030,2011/7/26,3,37,3,United Kingdom,0.000765111,0.009436368,0.000765111,,
1031,2011/7/27,5,29,5,United Kingdom,0.001275185,0.007396072,0.001275185,,
1032,2011/7/28,8,54,6,United Kingdom,0.002040296,0.013771997,0.001530222,,
1033,2011/7/29,13,42,6,United Kingdom,0.003315481,0.010711553,0.001530222,,
1034,2011/7/30,0,0,5,United Kingdom,0,0,0.001275185,,
1035,2011/7/31,4,28,0,United Kingdom,0.001020148,0.007141035,0,,
1036,2011/8/1,7,26,6,United Kingdom,0.001785259,0.006630961,0.001530222,,
1037,2011/8/2,9,23,0,United Kingdom,0.002295333,0.005865851,0,,
1038,2011/8/3,8,48,6,United Kingdom,0.002040296,0.012241775,0.001530222,,
1039,2011/8/4,7,59,4,United Kingdom,0.001785259,0.015047182,0.001020148,,
1040,2011/8/5,5,36,11,United Kingdom,0.001275185,0.009181331,0.002805407,,
1041,2011/8/6,0,0,9,United Kingdom,0,0,0.002295333,,
1042,2011/8/7,5,22,8,United Kingdom,0.001275185,0.005610814,0.002040296,,
1043,2011/8/8,3,30,8,United Kingdom,0.000765111,0.007651109,0.002040296,,
1044,2011/8/9,4,32,0,United Kingdom,0.001020148,0.008161183,0,,
1045,2011/8/10,4,32,3,United Kingdom,0.001020148,0.008161183,0.000765111,,
1046,2011/8/11,7,47,8,United Kingdom,0.001785259,0.011986738,0.002040296,,
1047,2011/8/12,2,32,1,United Kingdom,0.000510074,0.008161183,0.000255037,,
1048,2011/8/13,0,0,8,United Kingdom,0,0,0.002040296,,
1049,2011/8/14,3,17,7,United Kingdom,0.000765111,0.004335629,0.001785259,,
1050,2011/8/15,8,33,4,United Kingdom,0.002040296,0.00841622,0.001020148,,
1051,2011/8/16,5,36,0,United Kingdom,0.001275185,0.009181331,0,,
1052,2011/8/17,5,35,5,United Kingdom,0.001275185,0.008926294,0.001275185,,
1053,2011/8/18,5,54,4,United Kingdom,0.001275185,0.013771997,0.001020148,,
1054,2011/8/19,8,37,6,United Kingdom,0.002040296,0.009436368,0.001530222,,
1055,2011/8/20,0,0,4,United Kingdom,0,0,0.001020148,,
1056,2011/8/21,4,26,5,United Kingdom,0.001020148,0.006630961,0.001275185,,
1057,2011/8/22,6,45,4,United Kingdom,0.001530222,0.011476664,0.001020148,,
1058,2011/8/23,3,45,0,United Kingdom,0.000765111,0.011476664,0,,
1059,2011/8/24,4,47,12,United Kingdom,0.001020148,0.011986738,0.003060444,,
1060,2011/8/25,11,46,6,United Kingdom,0.002805407,0.011731701,0.001530222,,
1061,2011/8/26,7,28,1,United Kingdom,0.001785259,0.007141035,0.000255037,,
1062,2011/8/27,0,0,5,United Kingdom,0,0,0.001275185,,
1063,2011/8/28,3,32,10,United Kingdom,0.000765111,0.008161183,0.00255037,,
1064,2011/8/29,0,0,10,United Kingdom,0,0,0.00255037,,
1065,2011/8/30,3,18,0,United Kingdom,0.000765111,0.004590666,0,,
1066,2011/8/31,5,26,6,United Kingdom,0.001275185,0.006630961,0.001530222,,
1067,2011/9/1,5,60,5,United Kingdom,0.001275185,0.015302219,0.001275185,,
1068,2011/9/2,6,44,8,United Kingdom,0.001530222,0.011221627,0.002040296,,
1069,2011/9/3,0,0,8,United Kingdom,0,0,0.002040296,,
1070,2011/9/4,9,29,12,United Kingdom,0.002295333,0.007396072,0.003060444,,
1071,2011/9/5,4,46,6,United Kingdom,0.001020148,0.011731701,0.001530222,,
1072,2011/9/6,5,44,0,United Kingdom,0.001275185,0.011221627,0,,
1073,2011/9/7,4,33,5,United Kingdom,0.001020148,0.00841622,0.001275185,,
1074,2011/9/8,5,51,5,United Kingdom,0.001275185,0.013006886,0.001275185,,
1075,2011/9/9,8,38,7,United Kingdom,0.002040296,0.009691405,0.001785259,,
1076,2011/9/10,0,0,3,United Kingdom,0,0,0.000765111,,
1077,2011/9/11,15,49,5,United Kingdom,0.003825555,0.012496812,0.001275185,,
1078,2011/9/12,11,51,10,United Kingdom,0.002805407,0.013006886,0.00255037,,
1079,2011/9/13,12,44,0,United Kingdom,0.003060444,0.011221627,0,,
1080,2011/9/14,14,39,3,United Kingdom,0.003570518,0.009946442,0.000765111,,
1081,2011/9/15,16,48,10,United Kingdom,0.004080592,0.012241775,0.00255037,,
1082,2011/9/16,9,31,5,United Kingdom,0.002295333,0.007906146,0.001275185,,
1083,2011/9/17,0,0,10,United Kingdom,0,0,0.00255037,,
1084,2011/9/18,7,18,8,United Kingdom,0.001785259,0.004590666,0.002040296,,
1085,2011/9/19,11,38,8,United Kingdom,0.002805407,0.009691405,0.002040296,,
1086,2011/9/20,6,42,0,United Kingdom,0.001530222,0.010711553,0,,
1087,2011/9/21,9,45,7,United Kingdom,0.002295333,0.011476664,0.001785259,,
1088,2011/9/22,22,57,5,United Kingdom,0.005610814,0.014537108,0.001275185,,
1089,2011/9/23,16,32,8,United Kingdom,0.004080592,0.008161183,0.002040296,,
1090,2011/9/24,0,0,10,United Kingdom,0,0,0.00255037,,
1091,2011/9/25,19,49,14,United Kingdom,0.004845703,0.012496812,0.003570518,,
1092,2011/9/26,13,45,7,United Kingdom,0.003315481,0.011476664,0.001785259,,
1093,2011/9/27,8,56,0,United Kingdom,0.002040296,0.014282071,0,,
1094,2011/9/28,11,53,9,United Kingdom,0.002805407,0.01351696,0.002295333,,
1095,2011/9/29,19,66,0,United Kingdom,0.004845703,0.016832441,0,,
1096,2011/9/30,12,41,13,United Kingdom,0.003060444,0.010456516,0.003315481,,
1097,2011/10/1,0,0,9,United Kingdom,0,0,0.002295333,,
1098,2011/10/2,5,27,6,United Kingdom,0.001275185,0.006885998,0.001530222,,
1099,2011/10/3,13,34,0,United Kingdom,0.003315481,0.008671257,0,,
1100,2011/10/4,9,50,9,United Kingdom,0.002295333,0.012751849,0.002295333,,
1101,2011/10/5,14,58,14,United Kingdom,0.003570518,0.014792145,0.003570518,,
1102,2011/10/6,22,64,10,United Kingdom,0.005610814,0.016322367,0.00255037,,
1103,2011/10/7,18,43,4,United Kingdom,0.004590666,0.01096659,0.001020148,,
1104,2011/10/8,0,0,15,United Kingdom,0,0,0.003825555,,
1105,2011/10/9,15,20,7,United Kingdom,0.003825555,0.00510074,0.001785259,,
1106,2011/10/10,19,58,0,United Kingdom,0.004845703,0.014792145,0,,
1107,2011/10/11,10,50,13,United Kingdom,0.00255037,0.012751849,0.003315481,,
1108,2011/10/12,6,51,16,United Kingdom,0.001530222,0.013006886,0.004080592,,
1109,2011/10/13,12,46,12,United Kingdom,0.003060444,0.011731701,0.003060444,,
1110,2011/10/14,7,44,8,United Kingdom,0.001785259,0.011221627,0.002040296,,
1111,2011/10/15,0,0,18,United Kingdom,0,0,0.004590666,,
1112,2011/10/16,8,24,12,United Kingdom,0.002040296,0.006120888,0.003060444,,
1113,2011/10/17,20,46,0,United Kingdom,0.00510074,0.011731701,0,,
1114,2011/10/18,12,52,6,United Kingdom,0.003060444,0.013261923,0.001530222,,
1115,2011/10/19,16,44,15,United Kingdom,0.004080592,0.011221627,0.003825555,,
1116,2011/10/20,16,53,12,United Kingdom,0.004080592,0.01351696,0.003060444,,
1117,2011/10/21,10,38,11,United Kingdom,0.00255037,0.009691405,0.002805407,,
1118,2011/10/22,0,0,24,United Kingdom,0,0,0.006120888,,
1119,2011/10/23,10,29,16,United Kingdom,0.00255037,0.007396072,0.004080592,,
1120,2011/10/24,14,44,0,United Kingdom,0.003570518,0.011221627,0,,
1121,2011/10/25,9,53,21,United Kingdom,0.002295333,0.01351696,0.005355777,,
1122,2011/10/26,12,58,19,United Kingdom,0.003060444,0.014792145,0.004845703,,
1123,2011/10/27,17,63,22,United Kingdom,0.004335629,0.01606733,0.005610814,,
1124,2011/10/28,7,47,23,United Kingdom,0.001785259,0.011986738,0.005865851,,
1125,2011/10/29,0,0,26,United Kingdom,0,0,0.006630961,,
1126,2011/10/30,17,65,19,United Kingdom,0.004335629,0.016577404,0.004845703,,
1127,2011/10/31,6,44,0,United Kingdom,0.001530222,0.011221627,0,,
1128,2011/11/1,10,59,0,United Kingdom,0.00255037,0.015047182,0,,
1129,2011/11/2,17,56,7,United Kingdom,0.004335629,0.014282071,0.001785259,,
1130,2011/11/3,13,65,17,United Kingdom,0.003315481,0.016577404,0.004335629,,
1131,2011/11/4,10,55,21,United Kingdom,0.00255037,0.014027034,0.005355777,,
1132,2011/11/5,0,0,25,United Kingdom,0,0,0.006375925,,
1133,2011/11/6,18,63,32,United Kingdom,0.004590666,0.01606733,0.008161183,,
1134,2011/11/7,9,65,22,United Kingdom,0.002295333,0.016577404,0.005610814,,
1135,2011/11/8,12,79,0,United Kingdom,0.003060444,0.020147921,0,,
1136,2011/11/9,17,80,15,United Kingdom,0.004335629,0.020402958,0.003825555,,
1137,2011/11/10,11,88,33,United Kingdom,0.002805407,0.022443254,0.00841622,,
1138,2011/11/11,11,60,18,United Kingdom,0.002805407,0.015302219,0.004590666,,
1139,2011/11/12,0,0,23,United Kingdom,0,0,0.005865851,,
1140,2011/11/13,8,64,26,United Kingdom,0.002040296,0.016322367,0.006630961,,
1141,2011/11/14,17,65,17,United Kingdom,0.004335629,0.016577404,0.004335629,,
1142,2011/11/15,15,70,0,United Kingdom,0.003825555,0.017852589,0,,
1143,2011/11/16,11,87,12,United Kingdom,0.002805407,0.022188217,0.003060444,,
1144,2011/11/17,9,96,31,United Kingdom,0.002295333,0.02448355,0.007906146,,
1145,2011/11/18,9,75,24,United Kingdom,0.002295333,0.019127774,0.006120888,,
1146,2011/11/19,0,0,25,United Kingdom,0,0,0.006375925,,
1147,2011/11/20,13,70,40,United Kingdom,0.003315481,0.017852589,0.010201479,,
1148,2011/11/21,14,64,17,United Kingdom,0.003570518,0.016322367,0.004335629,,
1149,2011/11/22,14,95,0,United Kingdom,0.003570518,0.024228513,0,,
1150,2011/11/23,5,92,11,United Kingdom,0.001275185,0.023463402,0.002805407,,
1151,2011/11/24,12,74,31,United Kingdom,0.003060444,0.018872737,0.007906146,,
1152,2011/11/25,10,54,21,United Kingdom,0.00255037,0.013771997,0.005355777,,
1153,2011/11/26,0,0,27,United Kingdom,0,0,0.006885998,,
1154,2011/11/27,5,45,25,United Kingdom,0.001275185,0.011476664,0.006375925,,
1155,2011/11/28,11,81,20,United Kingdom,0.002805407,0.020657995,0.00510074,,
1156,2011/11/29,12,87,0,United Kingdom,0.003060444,0.022188217,0,,
1157,2011/11/30,5,73,57,United Kingdom,0.001275185,0.0186177,0.014537108,,
1158,2011/12/1,3,102,22,United Kingdom,0.000765111,0.026013772,0.005610814,,
1159,2011/12/2,5,81,27,United Kingdom,0.001275185,0.020657995,0.006885998,,
1160,2011/12/3,0,0,33,United Kingdom,0,0,0.00841622,,
1161,2011/12/4,5,46,27,United Kingdom,0.001275185,0.011731701,0.006885998,,
1162,2011/12/5,6,89,0,United Kingdom,0.001530222,0.022698291,0,,
1163,2011/12/6,6,87,35,United Kingdom,0.001530222,0.022188217,0.008926294,,
1164,2011/12/7,5,79,31,United Kingdom,0.001275185,0.020147921,0.007906146,,
1165,2011/12/8,4,96,46,United Kingdom,0.001020148,0.02448355,0.011731701,,
1166,2011/12/9,0,28,38,United Kingdom,0,0.007141035,0.009691405,,
1167,2011/12/10,0,0,49,United Kingdom,0,0,0.012496812,,
1168,2011/12/11,0,0,33,United Kingdom,0,0,0.00841622,,
1169,2011/12/12,0,0,0,United Kingdom,0,0,0,,
1170,2011/12/13,0,0,38,United Kingdom,0,0,0.009691405,,
1171,2011/12/14,0,0,42,United Kingdom,0,0,0.010711553,,
1172,2011/12/15,0,0,48,United Kingdom,0,0,0.012241775,,
1173,2011/12/16,0,0,53,United Kingdom,0,0,0.01351696,,
1174,2011/12/17,0,0,51,United Kingdom,0,0,0.013006886,,
1175,2011/12/18,0,0,46,United Kingdom,0,0,0.011731701,,
1176,2011/12/19,0,0,0,United Kingdom,0,0,0,,
1177,2011/12/20,0,0,54,United Kingdom,0,0,0.013771997,,
1178,2011/12/21,0,0,47,United Kingdom,0,0,0.011986738,,
1179,2011/12/22,0,0,68,United Kingdom,0,0,0.017342515,,
1180,2011/12/23,0,0,54,United Kingdom,0,0,0.013771997,,
1181,2011/12/24,0,0,54,United Kingdom,0,0,0.013771997,,
1182,2011/12/25,0,0,37,United Kingdom,0,0,0.009436368,,
1183,2011/12/26,0,0,0,United Kingdom,0,0,0,,
1184,2011/12/27,0,0,42,United Kingdom,0,0,0.010711553,,
1185,2011/12/28,0,0,59,United Kingdom,0,0,0.015047182,,
1186,2011/12/29,0,0,69,United Kingdom,0,0,0.017597552,,
1187,2011/12/30,0,0,61,United Kingdom,0,0,0.015557256,,
1188,2011/12/31,0,0,0,United Kingdom,0,0,0,,
